﻿SourceFile,SourceFileSha1,Reason
F:\Windows\System32\winevt\logs\Internet Explorer.evtx,C70BFFF0A559AF8CB76AD80A504DD55BD6CC484D,Deduped
F:\Windows\System32\winevt\logs\Key Management Service.evtx,C70BFFF0A559AF8CB76AD80A504DD55BD6CC484D,Deduped
F:\Windows\System32\winevt\logs\Microsoft-Windows-Application-Experience%4Program-Compatibility-Troubleshooter.evtx,C70BFFF0A559AF8CB76AD80A504DD55BD6CC484D,Deduped
F:\Windows\System32\winevt\logs\Microsoft-Windows-Application-Experience%4Program-Inventory.evtx,C70BFFF0A559AF8CB76AD80A504DD55BD6CC484D,Deduped
F:\Windows\System32\winevt\logs\Microsoft-Windows-Application-Experience%4Steps-Recorder.evtx,C70BFFF0A559AF8CB76AD80A504DD55BD6CC484D,Deduped
F:\Windows\System32\winevt\logs\Microsoft-Windows-AppLocker%4Packaged app-Deployment.evtx,C70BFFF0A559AF8CB76AD80A504DD55BD6CC484D,Deduped
F:\Windows\System32\winevt\logs\Microsoft-Windows-AppLocker%4Packaged app-Execution.evtx,C70BFFF0A559AF8CB76AD80A504DD55BD6CC484D,Deduped
F:\Windows\System32\winevt\logs\Microsoft-Windows-Audio%4CaptureMonitor.evtx,C70BFFF0A559AF8CB76AD80A504DD55BD6CC484D,Deduped
F:\Windows\System32\winevt\logs\Microsoft-Windows-Crypto-NCrypt%4CertInUse.evtx,C70BFFF0A559AF8CB76AD80A504DD55BD6CC484D,Deduped
F:\Windows\System32\winevt\logs\Microsoft-Windows-DeviceManagement-Enterprise-Diagnostics-Provider%4Autopilot.evtx,C70BFFF0A559AF8CB76AD80A504DD55BD6CC484D,Deduped
F:\Windows\System32\winevt\logs\Microsoft-Windows-Dhcpv6-Client%4Admin.evtx,C70BFFF0A559AF8CB76AD80A504DD55BD6CC484D,Deduped
F:\Windows\System32\winevt\logs\Microsoft-Windows-HotspotAuth%4Operational.evtx,C70BFFF0A559AF8CB76AD80A504DD55BD6CC484D,Deduped
F:\Windows\System32\winevt\logs\Microsoft-Windows-IKE%4Operational.evtx,C70BFFF0A559AF8CB76AD80A504DD55BD6CC484D,Deduped
F:\Windows\System32\winevt\logs\Microsoft-Windows-Kernel-Boot%4Operational.evtx,C70BFFF0A559AF8CB76AD80A504DD55BD6CC484D,Deduped
F:\Windows\System32\winevt\logs\Microsoft-Windows-Kernel-PnP%4Driver Watchdog.evtx,C70BFFF0A559AF8CB76AD80A504DD55BD6CC484D,Deduped
F:\Windows\System32\winevt\logs\Microsoft-Windows-Kernel-Power%4Thermal-Operational.evtx,C70BFFF0A559AF8CB76AD80A504DD55BD6CC484D,Deduped
F:\Windows\System32\winevt\logs\Microsoft-Windows-Kernel-StoreMgr%4Operational.evtx,C70BFFF0A559AF8CB76AD80A504DD55BD6CC484D,Deduped
F:\Windows\System32\winevt\logs\Microsoft-Windows-Kernel-WHEA%4Errors.evtx,C70BFFF0A559AF8CB76AD80A504DD55BD6CC484D,Deduped
F:\Windows\System32\winevt\logs\Microsoft-Windows-ModernDeployment-Diagnostics-Provider%4Admin.evtx,C70BFFF0A559AF8CB76AD80A504DD55BD6CC484D,Deduped
F:\Windows\System32\winevt\logs\Microsoft-Windows-ModernDeployment-Diagnostics-Provider%4Diagnostics.evtx,C70BFFF0A559AF8CB76AD80A504DD55BD6CC484D,Deduped
F:\Windows\System32\winevt\logs\Microsoft-Windows-MUI%4Admin.evtx,C70BFFF0A559AF8CB76AD80A504DD55BD6CC484D,Deduped
F:\Windows\System32\winevt\logs\Microsoft-Windows-Program-Compatibility-Assistant%4CompatAfterUpgrade.evtx,C70BFFF0A559AF8CB76AD80A504DD55BD6CC484D,Deduped
F:\Windows\System32\winevt\logs\Microsoft-Windows-Provisioning-Diagnostics-Provider%4AutoPilot.evtx,C70BFFF0A559AF8CB76AD80A504DD55BD6CC484D,Deduped
F:\Windows\System32\winevt\logs\Microsoft-Windows-Provisioning-Diagnostics-Provider%4ManagementService.evtx,C70BFFF0A559AF8CB76AD80A504DD55BD6CC484D,Deduped
F:\Windows\System32\winevt\logs\Microsoft-Windows-PushNotification-Platform%4Admin.evtx,C70BFFF0A559AF8CB76AD80A504DD55BD6CC484D,Deduped
F:\Windows\System32\winevt\logs\Microsoft-Windows-Security-Mitigations%4UserMode.evtx,C70BFFF0A559AF8CB76AD80A504DD55BD6CC484D,Deduped
F:\Windows\System32\winevt\logs\Microsoft-Windows-Shell-Core%4ActionCenter.evtx,C70BFFF0A559AF8CB76AD80A504DD55BD6CC484D,Deduped
F:\Windows\System32\winevt\logs\Microsoft-Windows-Shell-Core%4LogonTasksChannel.evtx,C70BFFF0A559AF8CB76AD80A504DD55BD6CC484D,Deduped
F:\Windows\System32\winevt\logs\Microsoft-Windows-SmbClient%4Audit.evtx,C70BFFF0A559AF8CB76AD80A504DD55BD6CC484D,Deduped
F:\Windows\System32\winevt\logs\Microsoft-Windows-SmbClient%4Security.evtx,C70BFFF0A559AF8CB76AD80A504DD55BD6CC484D,Deduped
F:\Windows\System32\winevt\logs\Microsoft-Windows-SMBServer%4Audit.evtx,C70BFFF0A559AF8CB76AD80A504DD55BD6CC484D,Deduped
F:\Windows\System32\winevt\logs\Microsoft-Windows-SMBServer%4Connectivity.evtx,C70BFFF0A559AF8CB76AD80A504DD55BD6CC484D,Deduped
F:\Windows\System32\winevt\logs\Microsoft-Windows-SMBServer%4Security.evtx,C70BFFF0A559AF8CB76AD80A504DD55BD6CC484D,Deduped
F:\Windows\System32\winevt\logs\Microsoft-Windows-StateRepository%4Restricted.evtx,C70BFFF0A559AF8CB76AD80A504DD55BD6CC484D,Deduped
F:\Windows\System32\winevt\logs\Microsoft-Windows-StorageSpaces-Driver%4Diagnostic.evtx,C70BFFF0A559AF8CB76AD80A504DD55BD6CC484D,Deduped
F:\Windows\System32\winevt\logs\Microsoft-Windows-TerminalServices-LocalSessionManager%4Admin.evtx,C70BFFF0A559AF8CB76AD80A504DD55BD6CC484D,Deduped
F:\Windows\System32\winevt\logs\Microsoft-Windows-UserPnp%4ActionCenter.evtx,C70BFFF0A559AF8CB76AD80A504DD55BD6CC484D,Deduped
F:\Windows\System32\winevt\logs\Microsoft-Windows-VPN%4Operational.evtx,C70BFFF0A559AF8CB76AD80A504DD55BD6CC484D,Deduped
F:\Windows\System32\winevt\logs\Microsoft-Windows-Windows Defender%4WHC.evtx,C70BFFF0A559AF8CB76AD80A504DD55BD6CC484D,Deduped
F:\Windows\System32\winevt\logs\Microsoft-Windows-Windows Firewall With Advanced Security%4ConnectionSecurity.evtx,C70BFFF0A559AF8CB76AD80A504DD55BD6CC484D,Deduped
F:\Windows\System32\winevt\logs\Microsoft-Windows-Windows Firewall With Advanced Security%4FirewallDiagnostics.evtx,C70BFFF0A559AF8CB76AD80A504DD55BD6CC484D,Deduped
F:\Windows\System32\winevt\logs\Windows PowerShell.evtx,C70BFFF0A559AF8CB76AD80A504DD55BD6CC484D,Deduped
F:\Users\Default\AppData\Roaming\Microsoft\Windows\Start Menu\Programs\Administrative Tools.lnk,EBA94E502F19FBA6DFF07AC10748A7711E2584AE,Deduped
F:\Users\Default\AppData\Roaming\Microsoft\Windows\Start Menu\Programs\File Explorer.lnk,5732055EC636A4706C6DA6857CE1C1EBC1BC86E5,Deduped
F:\Users\Default\NTUSER.DAT.LOG2,DA39A3EE5E6B4B0D3255BFEF95601890AFD80709,Deduped
F:\Windows\System32\SRU\SRUres00002.jrs,1ADC95BEBE9EEA8C112D40CD04AB7A8D75C4F961,Deduped
F:\Windows\System32\SRU\SRUtmp.log,1ADC95BEBE9EEA8C112D40CD04AB7A8D75C4F961,Deduped
F:\programdata\microsoft\search\data\applications\windows\Windows-usn.db-shm,5188431849B4613152FD7BDBA6A3FF0A4FD6424B,Deduped
F:\programdata\microsoft\search\data\applications\windows\Windows-usn.db-wal,DA39A3EE5E6B4B0D3255BFEF95601890AFD80709,Deduped
F:\programdata\microsoft\search\data\applications\windows\Windows.db-shm,5188431849B4613152FD7BDBA6A3FF0A4FD6424B,Deduped
