﻿SourceFile,SourceFileSha1,Reason
F:\Windows\System32\winevt\logs\Internet Explorer.evtx,C70BFFF0A559AF8CB76AD80A504DD55BD6CC484D,Deduped
F:\Windows\System32\winevt\logs\Key Management Service.evtx,C70BFFF0A559AF8CB76AD80A504DD55BD6CC484D,Deduped
F:\Windows\System32\winevt\logs\Microsoft-Windows-Application-Experience%4Program-Compatibility-Troubleshooter.evtx,C70BFFF0A559AF8CB76AD80A504DD55BD6CC484D,Deduped
F:\Windows\System32\winevt\logs\Microsoft-Windows-Application-Experience%4Program-Inventory.evtx,C70BFFF0A559AF8CB76AD80A504DD55BD6CC484D,Deduped
F:\Windows\System32\winevt\logs\Microsoft-Windows-Application-Experience%4Steps-Recorder.evtx,C70BFFF0A559AF8CB76AD80A504DD55BD6CC484D,Deduped
F:\Windows\System32\winevt\logs\Microsoft-Windows-AppLocker%4Packaged app-Deployment.evtx,C70BFFF0A559AF8CB76AD80A504DD55BD6CC484D,Deduped
F:\Windows\System32\winevt\logs\Microsoft-Windows-AppLocker%4Packaged app-Execution.evtx,C70BFFF0A559AF8CB76AD80A504DD55BD6CC484D,Deduped
F:\Windows\System32\winevt\logs\Microsoft-Windows-Audio%4CaptureMonitor.evtx,C70BFFF0A559AF8CB76AD80A504DD55BD6CC484D,Deduped
F:\Windows\System32\winevt\logs\Microsoft-Windows-Crypto-NCrypt%4CertInUse.evtx,C70BFFF0A559AF8CB76AD80A504DD55BD6CC484D,Deduped
F:\Windows\System32\winevt\logs\Microsoft-Windows-DeviceManagement-Enterprise-Diagnostics-Provider%4Autopilot.evtx,C70BFFF0A559AF8CB76AD80A504DD55BD6CC484D,Deduped
F:\Windows\System32\winevt\logs\Microsoft-Windows-Dhcpv6-Client%4Admin.evtx,C70BFFF0A559AF8CB76AD80A504DD55BD6CC484D,Deduped
F:\Windows\System32\winevt\logs\Microsoft-Windows-HotspotAuth%4Operational.evtx,C70BFFF0A559AF8CB76AD80A504DD55BD6CC484D,Deduped
F:\Windows\System32\winevt\logs\Microsoft-Windows-Kernel-Boot%4Operational.evtx,C70BFFF0A559AF8CB76AD80A504DD55BD6CC484D,Deduped
F:\Windows\System32\winevt\logs\Microsoft-Windows-Kernel-PnP%4Driver Watchdog.evtx,C70BFFF0A559AF8CB76AD80A504DD55BD6CC484D,Deduped
F:\Windows\System32\winevt\logs\Microsoft-Windows-Kernel-Power%4Thermal-Operational.evtx,C70BFFF0A559AF8CB76AD80A504DD55BD6CC484D,Deduped
F:\Windows\System32\winevt\logs\Microsoft-Windows-Kernel-StoreMgr%4Operational.evtx,C70BFFF0A559AF8CB76AD80A504DD55BD6CC484D,Deduped
F:\Windows\System32\winevt\logs\Microsoft-Windows-ModernDeployment-Diagnostics-Provider%4Admin.evtx,C70BFFF0A559AF8CB76AD80A504DD55BD6CC484D,Deduped
F:\Windows\System32\winevt\logs\Microsoft-Windows-ModernDeployment-Diagnostics-Provider%4Diagnostics.evtx,C70BFFF0A559AF8CB76AD80A504DD55BD6CC484D,Deduped
F:\Windows\System32\winevt\logs\Microsoft-Windows-MUI%4Admin.evtx,C70BFFF0A559AF8CB76AD80A504DD55BD6CC484D,Deduped
F:\Windows\System32\winevt\logs\Microsoft-Windows-Provisioning-Diagnostics-Provider%4ManagementService.evtx,C70BFFF0A559AF8CB76AD80A504DD55BD6CC484D,Deduped
F:\Windows\System32\winevt\logs\Microsoft-Windows-PushNotification-Platform%4Admin.evtx,C70BFFF0A559AF8CB76AD80A504DD55BD6CC484D,Deduped
F:\Windows\System32\winevt\logs\Microsoft-Windows-RestartManager%4Operational.evtx,C70BFFF0A559AF8CB76AD80A504DD55BD6CC484D,Deduped
F:\Windows\System32\winevt\logs\Microsoft-Windows-Security-Mitigations%4UserMode.evtx,C70BFFF0A559AF8CB76AD80A504DD55BD6CC484D,Deduped
F:\Windows\System32\winevt\logs\Microsoft-Windows-Shell-Core%4ActionCenter.evtx,C70BFFF0A559AF8CB76AD80A504DD55BD6CC484D,Deduped
F:\Windows\System32\winevt\logs\Microsoft-Windows-Shell-Core%4LogonTasksChannel.evtx,C70BFFF0A559AF8CB76AD80A504DD55BD6CC484D,Deduped
F:\Windows\System32\winevt\logs\Microsoft-Windows-SmbClient%4Audit.evtx,C70BFFF0A559AF8CB76AD80A504DD55BD6CC484D,Deduped
F:\Windows\System32\winevt\logs\Microsoft-Windows-SmbClient%4Security.evtx,C70BFFF0A559AF8CB76AD80A504DD55BD6CC484D,Deduped
F:\Windows\System32\winevt\logs\Microsoft-Windows-SMBServer%4Audit.evtx,C70BFFF0A559AF8CB76AD80A504DD55BD6CC484D,Deduped
F:\Windows\System32\winevt\logs\Microsoft-Windows-SMBServer%4Connectivity.evtx,C70BFFF0A559AF8CB76AD80A504DD55BD6CC484D,Deduped
F:\Windows\System32\winevt\logs\Microsoft-Windows-SMBServer%4Security.evtx,C70BFFF0A559AF8CB76AD80A504DD55BD6CC484D,Deduped
F:\Windows\System32\winevt\logs\Microsoft-Windows-StateRepository%4Restricted.evtx,C70BFFF0A559AF8CB76AD80A504DD55BD6CC484D,Deduped
F:\Windows\System32\winevt\logs\Microsoft-Windows-StorageSpaces-Driver%4Diagnostic.evtx,C70BFFF0A559AF8CB76AD80A504DD55BD6CC484D,Deduped
F:\Windows\System32\winevt\logs\Microsoft-Windows-TerminalServices-LocalSessionManager%4Admin.evtx,C70BFFF0A559AF8CB76AD80A504DD55BD6CC484D,Deduped
F:\Windows\System32\winevt\logs\Microsoft-Windows-UserPnp%4ActionCenter.evtx,C70BFFF0A559AF8CB76AD80A504DD55BD6CC484D,Deduped
F:\Windows\System32\winevt\logs\Microsoft-Windows-Windows Defender%4WHC.evtx,C70BFFF0A559AF8CB76AD80A504DD55BD6CC484D,Deduped
F:\Windows\System32\winevt\logs\Microsoft-Windows-Windows Firewall With Advanced Security%4ConnectionSecurity.evtx,C70BFFF0A559AF8CB76AD80A504DD55BD6CC484D,Deduped
F:\Windows\System32\winevt\logs\Microsoft-Windows-Windows Firewall With Advanced Security%4FirewallDiagnostics.evtx,C70BFFF0A559AF8CB76AD80A504DD55BD6CC484D,Deduped
F:\Windows\System32\winevt\logs\Windows PowerShell.evtx,C70BFFF0A559AF8CB76AD80A504DD55BD6CC484D,Deduped
F:\Users\Box1\AppData\Roaming\Microsoft\Windows\Recent\New Volume (D).lnk,A63DA76C652BA4E647DC83C2A6DAD0DF0334F71B,Deduped
F:\Users\HelpDesk\AppData\Roaming\Microsoft\Windows\Recent\desktop.ini,DABC2F24F4A4E90053743166E5C4175DCF2B2D2D,Deduped
F:\Users\HelpDesk\AppData\Roaming\Microsoft\Windows\Recent\AutomaticDestinations\5f7b5f1e01b83767.automaticDestinations-ms,F7830A76F8C26CA16D69F3BDF618C448DEDF41BE,Deduped
F:\Users\HelpDesk\AppData\Roaming\Microsoft\Windows\Recent\CustomDestinations\7e4dca80246863e3.customDestinations-ms,707C3647EEC303E0801EFDF2D4636B3D409F42B9,Deduped
F:\Users\HelpDesk\AppData\Roaming\Microsoft\Windows\Recent\CustomDestinations\f01b4d95cf55d32a.customDestinations-ms,9733D94607A3CBA277E567AF584510EDD9FEBF62,Deduped
F:\Users\test\AppData\Roaming\Microsoft\Windows\Recent\desktop.ini,DABC2F24F4A4E90053743166E5C4175DCF2B2D2D,Deduped
F:\Users\test\AppData\Roaming\Microsoft\Windows\Recent\CustomDestinations\7e4dca80246863e3.customDestinations-ms,707C3647EEC303E0801EFDF2D4636B3D409F42B9,Deduped
F:\Users\test\AppData\Roaming\Microsoft\Windows\Recent\CustomDestinations\f01b4d95cf55d32a.customDestinations-ms,9733D94607A3CBA277E567AF584510EDD9FEBF62,Deduped
F:\Users\test\AppData\Roaming\Microsoft\Windows\Recent\CustomDestinations\f18460fded109990.customDestinations-ms,57658E2FA594B7D0B99D02E041D0F3418E58856B,Deduped
F:\Users\HelpDesk\ntuser.dat.LOG1,DA39A3EE5E6B4B0D3255BFEF95601890AFD80709,Deduped
F:\Users\HelpDesk\ntuser.dat.LOG2,DA39A3EE5E6B4B0D3255BFEF95601890AFD80709,Deduped
F:\Users\HelpDesk\AppData\Local\Microsoft\Windows\UsrClass.dat.LOG1,DA39A3EE5E6B4B0D3255BFEF95601890AFD80709,Deduped
F:\Users\HelpDesk\AppData\Local\Microsoft\Windows\UsrClass.dat.LOG2,DA39A3EE5E6B4B0D3255BFEF95601890AFD80709,Deduped
F:\Windows\System32\SRU\SRUres00002.jrs,1ADC95BEBE9EEA8C112D40CD04AB7A8D75C4F961,Deduped
F:\Users\HelpDesk\AppData\Local\Microsoft\Windows\Explorer\thumbcache_1280.db,B254D47F2B9769F13B033CAE2B0571D68D42E5EB,Deduped
F:\Users\HelpDesk\AppData\Local\Microsoft\Windows\Explorer\thumbcache_1920.db,F1EAAA628678441481309261FABC9D155C0DD6CB,Deduped
F:\Users\HelpDesk\AppData\Local\Microsoft\Windows\Explorer\thumbcache_2560.db,B7B82E72891E16D837A54F94960F9B3C83DC5552,Deduped
F:\Users\HelpDesk\AppData\Local\Microsoft\Windows\Explorer\thumbcache_48.db,C4473EA845BE2FB5D28A61EFD72F19D74D5FC82E,Deduped
F:\Users\HelpDesk\AppData\Local\Microsoft\Windows\Explorer\thumbcache_96.db,7A066FA7B69FB5450C26A1718B79AD27A9021CA9,Deduped
F:\Users\HelpDesk\AppData\Local\Microsoft\Windows\Explorer\thumbcache_custom_stream.db,D3E8D4AF812BBC4F4013C53C4FFAB992D1D714E3,Deduped
F:\Users\HelpDesk\AppData\Local\Microsoft\Windows\Explorer\thumbcache_exif.db,78E7DA8D08E8898E956521D3B1BABBF6524E1DCA,Deduped
F:\Users\HelpDesk\AppData\Local\Microsoft\Windows\Explorer\thumbcache_sr.db,930823EC80B85EDD22BAF555CAD21CDF48F066AA,Deduped
F:\Users\HelpDesk\AppData\Local\Microsoft\Windows\Explorer\thumbcache_wide.db,5696B34625F027EC01765FC2BE49EFCFD882BF8E,Deduped
F:\Users\HelpDesk\AppData\Local\Microsoft\Windows\Explorer\thumbcache_wide_alternate.db,A4DB9C8586B9E4FA24416EB0D00F06A9EBD16B02,Deduped
F:\Users\test\AppData\Local\Microsoft\Windows\Explorer\thumbcache_1920.db,F1EAAA628678441481309261FABC9D155C0DD6CB,Deduped
F:\Users\test\AppData\Local\Microsoft\Windows\Explorer\thumbcache_2560.db,B7B82E72891E16D837A54F94960F9B3C83DC5552,Deduped
F:\Users\test\AppData\Local\Microsoft\Windows\Explorer\thumbcache_768.db,82259C6CB5B1F31CC2079A083BC93C726BFC4FBF,Deduped
F:\Users\test\AppData\Local\Microsoft\Windows\Explorer\thumbcache_96.db,7A066FA7B69FB5450C26A1718B79AD27A9021CA9,Deduped
F:\Users\test\AppData\Local\Microsoft\Windows\Explorer\thumbcache_custom_stream.db,D3E8D4AF812BBC4F4013C53C4FFAB992D1D714E3,Deduped
F:\Users\test\AppData\Local\Microsoft\Windows\Explorer\thumbcache_exif.db,78E7DA8D08E8898E956521D3B1BABBF6524E1DCA,Deduped
F:\Users\test\AppData\Local\Microsoft\Windows\Explorer\thumbcache_sr.db,930823EC80B85EDD22BAF555CAD21CDF48F066AA,Deduped
F:\Users\test\AppData\Local\Microsoft\Windows\Explorer\thumbcache_wide.db,5696B34625F027EC01765FC2BE49EFCFD882BF8E,Deduped
F:\Users\test\AppData\Local\Microsoft\Windows\Explorer\thumbcache_wide_alternate.db,A4DB9C8586B9E4FA24416EB0D00F06A9EBD16B02,Deduped
