﻿CopiedTimestamp,SourceFile,DestinationFile,FileSize,SourceFileSha1,DeferredCopy,CreatedOnUtc,ModifiedOnUtc,LastAccessedOnUtc,CopyDuration
2023-02-08 16:10:03.4172290,F:\Users\admin\AppData\Roaming\AnyDesk\ad.trace,C:\Users\bob\Desktop\Evidence\MI_08\KAPE\T\F\Users\admin\AppData\Roaming\AnyDesk\ad.trace,103371,278E14E269A2DC918352E13F4B6D4ABD09B86E96,False,2023-02-06 07:43:13.6372790,2023-02-07 10:56:38.1067026,2023-02-07 10:56:38.1067026,00:00:00.0308025
2023-02-08 16:10:03.6827989,F:\Users\helpdesk\AppData\Roaming\AnyDesk\ad.trace,C:\Users\bob\Desktop\Evidence\MI_08\KAPE\T\F\Users\helpdesk\AppData\Roaming\AnyDesk\ad.trace,262949,4927E8679399936CFA5CE09B7B25ECA5928DBE36,False,2023-02-08 14:43:08.7891193,2023-02-08 15:13:09.8800319,2023-02-08 15:13:09.8800319,00:00:00.0155565
2023-02-08 16:10:03.7141779,F:\Users\admin\AppData\Roaming\AnyDesk\service.conf,C:\Users\bob\Desktop\Evidence\MI_08\KAPE\T\F\Users\admin\AppData\Roaming\AnyDesk\service.conf,3010,CF3947BFB29BB1FC6D8CB214D4A4F4EBBE928B3F,False,2023-02-06 07:43:20.3367999,2023-02-07 10:56:10.2833139,2023-02-07 10:56:10.2833139,00:00:00
2023-02-08 16:10:03.7609406,F:\Users\admin\AppData\Roaming\AnyDesk\system.conf,C:\Users\bob\Desktop\Evidence\MI_08\KAPE\T\F\Users\admin\AppData\Roaming\AnyDesk\system.conf,909,98DC4E0BD3A65FF9CE1EF1C39E05D201BF044E78,False,2023-02-06 07:43:20.3367999,2023-02-07 10:56:25.0656995,2023-02-07 10:56:25.0656995,00:00:00.0152046
2023-02-08 16:10:03.7769779,F:\Users\admin\AppData\Roaming\AnyDesk\user.conf,C:\Users\bob\Desktop\Evidence\MI_08\KAPE\T\F\Users\admin\AppData\Roaming\AnyDesk\user.conf,6227,94D4B93559F30C3E663D7ACA443999D19C702CEC,False,2023-02-06 07:43:13.6674684,2023-02-07 10:56:26.4240353,2023-02-07 10:56:26.4240353,00:00:00
2023-02-08 16:10:03.8077670,F:\Users\helpdesk\AppData\Roaming\AnyDesk\service.conf,C:\Users\bob\Desktop\Evidence\MI_08\KAPE\T\F\Users\helpdesk\AppData\Roaming\AnyDesk\service.conf,3106,640741C6C0FEF2B00DCA17A8766EBC691B06E380,False,2023-02-08 14:43:09.1945781,2023-02-08 15:01:34.5518721,2023-02-08 15:01:34.5518721,00:00:00
2023-02-08 16:10:03.8549059,F:\Users\helpdesk\AppData\Roaming\AnyDesk\system.conf,C:\Users\bob\Desktop\Evidence\MI_08\KAPE\T\F\Users\helpdesk\AppData\Roaming\AnyDesk\system.conf,1057,41C0C664373F27D97B2D8F9BCC3F0A0465AA62F0,False,2023-02-08 14:43:09.1945781,2023-02-08 15:01:34.5617172,2023-02-08 15:01:34.5617172,00:00:00.0154157
2023-02-08 16:10:03.8858793,F:\Users\helpdesk\AppData\Roaming\AnyDesk\user.conf,C:\Users\bob\Desktop\Evidence\MI_08\KAPE\T\F\Users\helpdesk\AppData\Roaming\AnyDesk\user.conf,7051,0A54668AA8048B79F68E2CC1CFEEF0DEC35D8AA4,False,2023-02-08 14:43:08.8041117,2023-02-08 15:13:09.8476422,2023-02-08 15:13:09.8476422,00:00:00
2023-02-08 16:10:03.9174652,F:\Users\helpdesk\AppData\Roaming\AnyDesk\connection_trace.txt,C:\Users\bob\Desktop\Evidence\MI_08\KAPE\T\F\Users\helpdesk\AppData\Roaming\AnyDesk\connection_trace.txt,910,FD2E74BCDCA83193F0F462346ED5CC4783D54180,False,2023-02-08 14:54:51.5327761,2023-02-08 15:02:48.1806491,2023-02-08 15:02:48.1806491,00:00:00.0158379
